set,key,0,3,2,xx
add,key2,0,3,3,qqq
replace,key,0,3,4,aaaa
append,key,0,3,2,zz
prepend,key,0,3,2,aa
set,key3,0,3,1,x
add,key4,0,3,3,yyy
replace,key3,0,3,1,q
append,key3,0,3,2,zz
prepend,key3,0,3,2,aa
set,key5,0,3,1,x
add,key6,0,3,3,yyy
replace,key5,0,3,1,q
append,key5,0,3,2,zz
prepend,key5,0,3,2,aa
set,key7,0,3,1,x
add,key8,0,3,3,yyy
replace,key7,0,3,1,q
append,key7,0,3,2,zz
prepend,key7,0,3,2,aa
set,key9,0,3,1,x
add,key10,0,3,3,yyy
replace,key9,0,3,1,q
append,key9,0,3,2,zz
prepend,key9,0,3,2,aa
